# Target,Dnu
Gemma,50.27160613046382
Pooh,24.388818585101745
Boogie,47.527541986142936
35 Dra,42.31681457669676
36 Dra,69.48405442789058
HD,7.875451115558214
